{
	"id": "bb37b7dd-2fa7-4955-bc70-4a786c40bbeb",
	"name": "OpenWeather.prod",
	"values": [
		{
			"key": "ApiKey",
			"value": "1a8fe625a89b8e5f6257e80631c256fd",
			"enabled": true
		},
		{
			"key": "CityName",
			"value": "New York",
			"enabled": true
		},
		{
			"key": "Units",
			"value": "metric",
			"enabled": true
		},
		{
			"key": "BaseUrl",
			"value": "api.openweathermap.org",
			"enabled": true
		}
	],
	"_postman_variable_scope": "environment",
	"_postman_exported_at": "2021-01-12T18:38:12.390Z",
	"_postman_exported_using": "Postman/7.36.1"
}