{
	"info": {
		"_postman_id": "5d45d6d3-1236-47d1-ad24-e4bc3db956a6",
		"name": "OpenWeather",
		"schema": "https://schema.getpostman.com/json/collection/v2.1.0/collection.json"
	},
	"item": [
		{
			"name": "CheckWeather",
			"event": [
				{
					"listen": "test",
					"script": {
						"exec": [
							"pm.test(\"Status code is 200\", function () {\r",
							"    pm.response.to.have.status(200);\r",
							"});\r",
							"\r",
							"pm.test(\"Max temp is less than 10\", function () {\r",
							"    var jsonData = pm.response.json(); \r",
							"    pm.expect(10).to.greaterThan(jsonData.main.temp_max);\r",
							"});"
						],
						"type": "text/javascript"
					}
				}
			],
			"request": {
				"method": "GET",
				"header": [],
				"url": {
					"raw": "{{BaseUrl}}/data/2.5/weather?q={{CityName}}&units={{Units}}&appid={{ApiKey}}",
					"host": [
						"{{BaseUrl}}"
					],
					"path": [
						"data",
						"2.5",
						"weather"
					],
					"query": [
						{
							"key": "q",
							"value": "{{CityName}}"
						},
						{
							"key": "units",
							"value": "{{Units}}"
						},
						{
							"key": "appid",
							"value": "{{ApiKey}}"
						}
					]
				}
			},
			"response": []
		}
	]
}